/*
 Navicat Premium Data Transfer

 Source Server         : localhost_3306
 Source Server Type    : MySQL
 Source Server Version : 50559
 Source Host           : localhost:3306
 Source Schema         : seckill

 Target Server Type    : MySQL
 Target Server Version : 50559
 File Encoding         : 65001

 Date: 09/06/2022 00:05:41
*/

SET NAMES utf8mb4;
SET FOREIGN_KEY_CHECKS = 0;

-- ----------------------------
-- Table structure for customer
-- ----------------------------
DROP TABLE IF EXISTS `customer`;
CREATE TABLE `customer`  (
  `id` int(11) NOT NULL AUTO_INCREMENT,
  `name` varchar(128) CHARACTER SET utf8 COLLATE utf8_general_ci NULL DEFAULT NULL,
  `age` int(11) NULL DEFAULT NULL,
  `identity` varchar(255) CHARACTER SET utf8 COLLATE utf8_general_ci NULL DEFAULT NULL,
  `employed` tinyint(1) NULL DEFAULT NULL,
  `trustworthy` tinyint(1) NULL DEFAULT NULL,
  `create_time` datetime NULL DEFAULT NULL,
  PRIMARY KEY (`id`) USING BTREE
) ENGINE = InnoDB AUTO_INCREMENT = 6 CHARACTER SET = utf8 COLLATE = utf8_general_ci ROW_FORMAT = Compact;

-- ----------------------------
-- Records of customer
-- ----------------------------
INSERT INTO `customer` VALUES (1, 'qhh', 20, '3303', 1, 1, '2022-05-31 14:25:12');
INSERT INTO `customer` VALUES (2, 'hhq', 21, '330327', 0, 0, '2022-05-31 14:37:34');
INSERT INTO `customer` VALUES (3, 'string', 20, '3300', 1, 1, '2022-06-06 14:52:27');
INSERT INTO `customer` VALUES (4, '3301', 20, '3301', 1, 1, '2022-06-06 14:52:39');
INSERT INTO `customer` VALUES (5, 'zucc', 20, '3301234', 1, 1, '2022-06-08 23:29:39');

-- ----------------------------
-- Table structure for product
-- ----------------------------
DROP TABLE IF EXISTS `product`;
CREATE TABLE `product`  (
  `id` int(11) NOT NULL AUTO_INCREMENT,
  `name` varchar(255) CHARACTER SET utf8 COLLATE utf8_general_ci NULL DEFAULT NULL,
  `img` varchar(255) CHARACTER SET utf8 COLLATE utf8_general_ci NULL DEFAULT NULL,
  `quantity` int(11) NULL DEFAULT NULL,
  `price` int(11) NULL DEFAULT NULL,
  `seckill_time` datetime NULL DEFAULT NULL,
  `end_time` datetime NULL DEFAULT NULL,
  PRIMARY KEY (`id`) USING BTREE
) ENGINE = InnoDB AUTO_INCREMENT = 24 CHARACTER SET = utf8 COLLATE = utf8_general_ci ROW_FORMAT = Compact;

-- ----------------------------
-- Records of product
-- ----------------------------
INSERT INTO `product` VALUES (1, '投资产品', '/img/iphone12.5ee2e8ec.png', 0, 10000, '2022-06-04 16:47:17', '2022-06-05 14:18:04');
INSERT INTO `product` VALUES (2, '贷款', '/img/iphone12pro.23aa5231.png', 9, 10000, '2022-05-31 20:47:43', '2022-06-07 14:18:22');
INSERT INTO `product` VALUES (3, '基金', NULL, 125, 100, '2022-06-06 20:07:45', '2022-06-07 20:07:47');
INSERT INTO `product` VALUES (4, '理财产品', NULL, 0, 20631, '2022-06-07 20:08:15', '2022-06-09 20:08:19');
INSERT INTO `product` VALUES (5, '金融产品', NULL, 646, 5423, '2022-06-02 20:08:36', '2022-06-04 20:08:39');
INSERT INTO `product` VALUES (15, '你猜', NULL, 25619, 12345, '2022-06-07 17:52:47', '2022-06-08 00:00:00');
INSERT INTO `product` VALUES (17, '秒杀1', NULL, 154, 12165, '2022-06-07 21:05:04', '2022-06-09 21:05:07');
INSERT INTO `product` VALUES (18, 'miaosha2', NULL, 24233, 4362452, '2022-06-07 21:19:19', '2022-06-09 00:00:00');
INSERT INTO `product` VALUES (19, 'ghjfghj', NULL, 2345, 324, '2022-06-08 23:34:04', '2022-06-10 00:00:00');
INSERT INTO `product` VALUES (20, '3wrgetfv', NULL, 34235, 3423, '2022-06-08 23:34:15', '2022-06-10 00:00:00');
INSERT INTO `product` VALUES (22, '而围绕太阳', NULL, 21345, 2345, '2022-06-10 23:35:21', '2022-06-11 00:00:00');

-- ----------------------------
-- Table structure for t_admin
-- ----------------------------
DROP TABLE IF EXISTS `t_admin`;
CREATE TABLE `t_admin`  (
  `id` int(11) NOT NULL AUTO_INCREMENT,
  `name` varchar(255) CHARACTER SET utf8 COLLATE utf8_general_ci NULL DEFAULT NULL,
  `password` varchar(255) CHARACTER SET utf8 COLLATE utf8_general_ci NULL DEFAULT NULL,
  PRIMARY KEY (`id`) USING BTREE
) ENGINE = InnoDB AUTO_INCREMENT = 2 CHARACTER SET = utf8 COLLATE = utf8_general_ci ROW_FORMAT = Compact;

-- ----------------------------
-- Records of t_admin
-- ----------------------------
INSERT INTO `t_admin` VALUES (1, 'admin', '123456');

-- ----------------------------
-- Table structure for t_order
-- ----------------------------
DROP TABLE IF EXISTS `t_order`;
CREATE TABLE `t_order`  (
  `id` int(11) NOT NULL AUTO_INCREMENT,
  `user_id` int(11) NOT NULL,
  `product_id` int(11) NOT NULL,
  `quantity` int(255) NULL DEFAULT NULL,
  `price` int(10) NULL DEFAULT NULL,
  `time` datetime NULL DEFAULT NULL,
  PRIMARY KEY (`id`) USING BTREE,
  UNIQUE INDEX `sekill_uid_pid`(`user_id`, `product_id`) USING BTREE COMMENT '用户id+商品id的唯一索引，解决同一用户秒杀多商品'
) ENGINE = InnoDB AUTO_INCREMENT = 67 CHARACTER SET = utf8 COLLATE = utf8_general_ci ROW_FORMAT = Compact;

-- ----------------------------
-- Records of t_order
-- ----------------------------
INSERT INTO `t_order` VALUES (1, 1, 1, 1, 10000, '2022-06-04 20:02:45');
INSERT INTO `t_order` VALUES (2, 2, 1, 1, 10000, '2022-06-15 20:02:45');
INSERT INTO `t_order` VALUES (3, 1, 2, 1, 10000, '2022-06-04 23:01:34');
INSERT INTO `t_order` VALUES (4, 2, 2, 1, 10000, '2022-06-04 23:08:07');
INSERT INTO `t_order` VALUES (9, 4, 2, 1, 10000, '2022-06-05 21:13:40');
INSERT INTO `t_order` VALUES (11, 4, 1, 1, 10000, '2022-06-05 22:01:11');
INSERT INTO `t_order` VALUES (12, 98, 1, 1, 10000, '2022-06-05 23:03:23');
INSERT INTO `t_order` VALUES (13, 146, 1, 1, 10000, '2022-06-05 23:03:24');
INSERT INTO `t_order` VALUES (14, 111, 1, 1, 10000, '2022-06-05 23:03:24');
INSERT INTO `t_order` VALUES (15, 90, 1, 1, 10000, '2022-06-05 23:03:24');
INSERT INTO `t_order` VALUES (16, 89, 1, 1, 10000, '2022-06-05 23:03:24');
INSERT INTO `t_order` VALUES (17, 8, 1, 1, 10000, '2022-06-05 23:03:24');
INSERT INTO `t_order` VALUES (18, 16, 1, 1, 10000, '2022-06-05 23:03:24');
INSERT INTO `t_order` VALUES (19, 75, 1, 1, 10000, '2022-06-05 23:03:24');
INSERT INTO `t_order` VALUES (20, 173, 1, 1, 10000, '2022-06-05 23:03:24');
INSERT INTO `t_order` VALUES (21, 129, 1, 1, 10000, '2022-06-05 23:03:24');
INSERT INTO `t_order` VALUES (22, 147, 1, 1, 10000, '2022-06-05 23:03:24');
INSERT INTO `t_order` VALUES (23, 82, 1, 1, 10000, '2022-06-05 23:03:24');
INSERT INTO `t_order` VALUES (24, 27, 1, 1, 10000, '2022-06-05 23:03:24');
INSERT INTO `t_order` VALUES (25, 174, 1, 1, 10000, '2022-06-05 23:03:24');
INSERT INTO `t_order` VALUES (26, 120, 1, 1, 10000, '2022-06-05 23:03:24');
INSERT INTO `t_order` VALUES (27, 45, 1, 1, 10000, '2022-06-05 23:03:24');
INSERT INTO `t_order` VALUES (28, 190, 1, 1, 10000, '2022-06-05 23:03:24');
INSERT INTO `t_order` VALUES (29, 55, 1, 1, 10000, '2022-06-05 23:03:24');
INSERT INTO `t_order` VALUES (30, 32, 1, 1, 10000, '2022-06-05 23:03:24');
INSERT INTO `t_order` VALUES (31, 136, 1, 1, 10000, '2022-06-05 23:03:24');
INSERT INTO `t_order` VALUES (32, 1, 15, 1, 12345, '2022-06-07 20:50:46');
INSERT INTO `t_order` VALUES (43, 1, 17, 1, 12165, '2022-06-07 21:23:49');
INSERT INTO `t_order` VALUES (54, 211, 4, 1, 20631, '2022-06-08 23:22:28');
INSERT INTO `t_order` VALUES (55, 214, 4, 1, 20631, '2022-06-08 23:22:28');
INSERT INTO `t_order` VALUES (56, 217, 4, 1, 20631, '2022-06-08 23:22:28');
INSERT INTO `t_order` VALUES (57, 223, 4, 1, 20631, '2022-06-08 23:22:28');
INSERT INTO `t_order` VALUES (58, 216, 4, 1, 20631, '2022-06-08 23:22:28');
INSERT INTO `t_order` VALUES (59, 212, 4, 1, 20631, '2022-06-08 23:22:28');
INSERT INTO `t_order` VALUES (60, 219, 4, 1, 20631, '2022-06-08 23:22:28');
INSERT INTO `t_order` VALUES (61, 222, 4, 1, 20631, '2022-06-08 23:22:28');
INSERT INTO `t_order` VALUES (62, 215, 4, 1, 20631, '2022-06-08 23:22:28');
INSERT INTO `t_order` VALUES (63, 207, 4, 1, 20631, '2022-06-08 23:22:28');
INSERT INTO `t_order` VALUES (64, 1, 18, 1, 4362452, '2022-06-08 23:27:37');
INSERT INTO `t_order` VALUES (65, 407, 17, 1, 12165, '2022-06-08 23:30:47');
INSERT INTO `t_order` VALUES (66, 407, 18, 1, 4362452, '2022-06-08 23:30:56');

-- ----------------------------
-- Table structure for user
-- ----------------------------
DROP TABLE IF EXISTS `user`;
CREATE TABLE `user`  (
  `id` int(11) NOT NULL AUTO_INCREMENT,
  `name` varchar(255) CHARACTER SET utf8 COLLATE utf8_general_ci NULL DEFAULT NULL,
  `password` varchar(255) CHARACTER SET utf8 COLLATE utf8_general_ci NULL DEFAULT NULL,
  `identity` varchar(255) CHARACTER SET utf8 COLLATE utf8_general_ci NULL DEFAULT NULL,
  PRIMARY KEY (`id`) USING BTREE
) ENGINE = InnoDB AUTO_INCREMENT = 408 CHARACTER SET = utf8 COLLATE = utf8_general_ci ROW_FORMAT = Compact;

-- ----------------------------
-- Records of user
-- ----------------------------
INSERT INTO `user` VALUES (1, 'qhh', '123456', '3303');
INSERT INTO `user` VALUES (2, 'hhq', '123456', '330327');
INSERT INTO `user` VALUES (3, 'string', '123456', '3300');
INSERT INTO `user` VALUES (4, '3301', '123456', '3301');
INSERT INTO `user` VALUES (5, 'qwe', '123456', '111111');
INSERT INTO `user` VALUES (6, 'name0', '123456', '3303270');
INSERT INTO `user` VALUES (7, 'name1', '123456', '3303271');
INSERT INTO `user` VALUES (8, 'name2', '123456', '3303272');
INSERT INTO `user` VALUES (9, 'name3', '123456', '3303273');
INSERT INTO `user` VALUES (10, 'name4', '123456', '3303274');
INSERT INTO `user` VALUES (11, 'name5', '123456', '3303275');
INSERT INTO `user` VALUES (12, 'name6', '123456', '3303276');
INSERT INTO `user` VALUES (13, 'name7', '123456', '3303277');
INSERT INTO `user` VALUES (14, 'name8', '123456', '3303278');
INSERT INTO `user` VALUES (15, 'name9', '123456', '3303279');
INSERT INTO `user` VALUES (16, 'name10', '123456', '33032710');
INSERT INTO `user` VALUES (17, 'name11', '123456', '33032711');
INSERT INTO `user` VALUES (18, 'name12', '123456', '33032712');
INSERT INTO `user` VALUES (19, 'name13', '123456', '33032713');
INSERT INTO `user` VALUES (20, 'name14', '123456', '33032714');
INSERT INTO `user` VALUES (21, 'name15', '123456', '33032715');
INSERT INTO `user` VALUES (22, 'name16', '123456', '33032716');
INSERT INTO `user` VALUES (23, 'name17', '123456', '33032717');
INSERT INTO `user` VALUES (24, 'name18', '123456', '33032718');
INSERT INTO `user` VALUES (25, 'name19', '123456', '33032719');
INSERT INTO `user` VALUES (26, 'name20', '123456', '33032720');
INSERT INTO `user` VALUES (27, 'name21', '123456', '33032721');
INSERT INTO `user` VALUES (28, 'name22', '123456', '33032722');
INSERT INTO `user` VALUES (29, 'name23', '123456', '33032723');
INSERT INTO `user` VALUES (30, 'name24', '123456', '33032724');
INSERT INTO `user` VALUES (31, 'name25', '123456', '33032725');
INSERT INTO `user` VALUES (32, 'name26', '123456', '33032726');
INSERT INTO `user` VALUES (33, 'name27', '123456', '33032727');
INSERT INTO `user` VALUES (34, 'name28', '123456', '33032728');
INSERT INTO `user` VALUES (35, 'name29', '123456', '33032729');
INSERT INTO `user` VALUES (36, 'name30', '123456', '33032730');
INSERT INTO `user` VALUES (37, 'name31', '123456', '33032731');
INSERT INTO `user` VALUES (38, 'name32', '123456', '33032732');
INSERT INTO `user` VALUES (39, 'name33', '123456', '33032733');
INSERT INTO `user` VALUES (40, 'name34', '123456', '33032734');
INSERT INTO `user` VALUES (41, 'name35', '123456', '33032735');
INSERT INTO `user` VALUES (42, 'name36', '123456', '33032736');
INSERT INTO `user` VALUES (43, 'name37', '123456', '33032737');
INSERT INTO `user` VALUES (44, 'name38', '123456', '33032738');
INSERT INTO `user` VALUES (45, 'name39', '123456', '33032739');
INSERT INTO `user` VALUES (46, 'name40', '123456', '33032740');
INSERT INTO `user` VALUES (47, 'name41', '123456', '33032741');
INSERT INTO `user` VALUES (48, 'name42', '123456', '33032742');
INSERT INTO `user` VALUES (49, 'name43', '123456', '33032743');
INSERT INTO `user` VALUES (50, 'name44', '123456', '33032744');
INSERT INTO `user` VALUES (51, 'name45', '123456', '33032745');
INSERT INTO `user` VALUES (52, 'name46', '123456', '33032746');
INSERT INTO `user` VALUES (53, 'name47', '123456', '33032747');
INSERT INTO `user` VALUES (54, 'name48', '123456', '33032748');
INSERT INTO `user` VALUES (55, 'name49', '123456', '33032749');
INSERT INTO `user` VALUES (56, 'name50', '123456', '33032750');
INSERT INTO `user` VALUES (57, 'name51', '123456', '33032751');
INSERT INTO `user` VALUES (58, 'name52', '123456', '33032752');
INSERT INTO `user` VALUES (59, 'name53', '123456', '33032753');
INSERT INTO `user` VALUES (60, 'name54', '123456', '33032754');
INSERT INTO `user` VALUES (61, 'name55', '123456', '33032755');
INSERT INTO `user` VALUES (62, 'name56', '123456', '33032756');
INSERT INTO `user` VALUES (63, 'name57', '123456', '33032757');
INSERT INTO `user` VALUES (64, 'name58', '123456', '33032758');
INSERT INTO `user` VALUES (65, 'name59', '123456', '33032759');
INSERT INTO `user` VALUES (66, 'name60', '123456', '33032760');
INSERT INTO `user` VALUES (67, 'name61', '123456', '33032761');
INSERT INTO `user` VALUES (68, 'name62', '123456', '33032762');
INSERT INTO `user` VALUES (69, 'name63', '123456', '33032763');
INSERT INTO `user` VALUES (70, 'name64', '123456', '33032764');
INSERT INTO `user` VALUES (71, 'name65', '123456', '33032765');
INSERT INTO `user` VALUES (72, 'name66', '123456', '33032766');
INSERT INTO `user` VALUES (73, 'name67', '123456', '33032767');
INSERT INTO `user` VALUES (74, 'name68', '123456', '33032768');
INSERT INTO `user` VALUES (75, 'name69', '123456', '33032769');
INSERT INTO `user` VALUES (76, 'name70', '123456', '33032770');
INSERT INTO `user` VALUES (77, 'name71', '123456', '33032771');
INSERT INTO `user` VALUES (78, 'name72', '123456', '33032772');
INSERT INTO `user` VALUES (79, 'name73', '123456', '33032773');
INSERT INTO `user` VALUES (80, 'name74', '123456', '33032774');
INSERT INTO `user` VALUES (81, 'name75', '123456', '33032775');
INSERT INTO `user` VALUES (82, 'name76', '123456', '33032776');
INSERT INTO `user` VALUES (83, 'name77', '123456', '33032777');
INSERT INTO `user` VALUES (84, 'name78', '123456', '33032778');
INSERT INTO `user` VALUES (85, 'name79', '123456', '33032779');
INSERT INTO `user` VALUES (86, 'name80', '123456', '33032780');
INSERT INTO `user` VALUES (87, 'name81', '123456', '33032781');
INSERT INTO `user` VALUES (88, 'name82', '123456', '33032782');
INSERT INTO `user` VALUES (89, 'name83', '123456', '33032783');
INSERT INTO `user` VALUES (90, 'name84', '123456', '33032784');
INSERT INTO `user` VALUES (91, 'name85', '123456', '33032785');
INSERT INTO `user` VALUES (92, 'name86', '123456', '33032786');
INSERT INTO `user` VALUES (93, 'name87', '123456', '33032787');
INSERT INTO `user` VALUES (94, 'name88', '123456', '33032788');
INSERT INTO `user` VALUES (95, 'name89', '123456', '33032789');
INSERT INTO `user` VALUES (96, 'name90', '123456', '33032790');
INSERT INTO `user` VALUES (97, 'name91', '123456', '33032791');
INSERT INTO `user` VALUES (98, 'name92', '123456', '33032792');
INSERT INTO `user` VALUES (99, 'name93', '123456', '33032793');
INSERT INTO `user` VALUES (100, 'name94', '123456', '33032794');
INSERT INTO `user` VALUES (101, 'name95', '123456', '33032795');
INSERT INTO `user` VALUES (102, 'name96', '123456', '33032796');
INSERT INTO `user` VALUES (103, 'name97', '123456', '33032797');
INSERT INTO `user` VALUES (104, 'name98', '123456', '33032798');
INSERT INTO `user` VALUES (105, 'name99', '123456', '33032799');
INSERT INTO `user` VALUES (106, 'name100', '123456', '330327100');
INSERT INTO `user` VALUES (107, 'name101', '123456', '330327101');
INSERT INTO `user` VALUES (108, 'name102', '123456', '330327102');
INSERT INTO `user` VALUES (109, 'name103', '123456', '330327103');
INSERT INTO `user` VALUES (110, 'name104', '123456', '330327104');
INSERT INTO `user` VALUES (111, 'name105', '123456', '330327105');
INSERT INTO `user` VALUES (112, 'name106', '123456', '330327106');
INSERT INTO `user` VALUES (113, 'name107', '123456', '330327107');
INSERT INTO `user` VALUES (114, 'name108', '123456', '330327108');
INSERT INTO `user` VALUES (115, 'name109', '123456', '330327109');
INSERT INTO `user` VALUES (116, 'name110', '123456', '330327110');
INSERT INTO `user` VALUES (117, 'name111', '123456', '330327111');
INSERT INTO `user` VALUES (118, 'name112', '123456', '330327112');
INSERT INTO `user` VALUES (119, 'name113', '123456', '330327113');
INSERT INTO `user` VALUES (120, 'name114', '123456', '330327114');
INSERT INTO `user` VALUES (121, 'name115', '123456', '330327115');
INSERT INTO `user` VALUES (122, 'name116', '123456', '330327116');
INSERT INTO `user` VALUES (123, 'name117', '123456', '330327117');
INSERT INTO `user` VALUES (124, 'name118', '123456', '330327118');
INSERT INTO `user` VALUES (125, 'name119', '123456', '330327119');
INSERT INTO `user` VALUES (126, 'name120', '123456', '330327120');
INSERT INTO `user` VALUES (127, 'name121', '123456', '330327121');
INSERT INTO `user` VALUES (128, 'name122', '123456', '330327122');
INSERT INTO `user` VALUES (129, 'name123', '123456', '330327123');
INSERT INTO `user` VALUES (130, 'name124', '123456', '330327124');
INSERT INTO `user` VALUES (131, 'name125', '123456', '330327125');
INSERT INTO `user` VALUES (132, 'name126', '123456', '330327126');
INSERT INTO `user` VALUES (133, 'name127', '123456', '330327127');
INSERT INTO `user` VALUES (134, 'name128', '123456', '330327128');
INSERT INTO `user` VALUES (135, 'name129', '123456', '330327129');
INSERT INTO `user` VALUES (136, 'name130', '123456', '330327130');
INSERT INTO `user` VALUES (137, 'name131', '123456', '330327131');
INSERT INTO `user` VALUES (138, 'name132', '123456', '330327132');
INSERT INTO `user` VALUES (139, 'name133', '123456', '330327133');
INSERT INTO `user` VALUES (140, 'name134', '123456', '330327134');
INSERT INTO `user` VALUES (141, 'name135', '123456', '330327135');
INSERT INTO `user` VALUES (142, 'name136', '123456', '330327136');
INSERT INTO `user` VALUES (143, 'name137', '123456', '330327137');
INSERT INTO `user` VALUES (144, 'name138', '123456', '330327138');
INSERT INTO `user` VALUES (145, 'name139', '123456', '330327139');
INSERT INTO `user` VALUES (146, 'name140', '123456', '330327140');
INSERT INTO `user` VALUES (147, 'name141', '123456', '330327141');
INSERT INTO `user` VALUES (148, 'name142', '123456', '330327142');
INSERT INTO `user` VALUES (149, 'name143', '123456', '330327143');
INSERT INTO `user` VALUES (150, 'name144', '123456', '330327144');
INSERT INTO `user` VALUES (151, 'name145', '123456', '330327145');
INSERT INTO `user` VALUES (152, 'name146', '123456', '330327146');
INSERT INTO `user` VALUES (153, 'name147', '123456', '330327147');
INSERT INTO `user` VALUES (154, 'name148', '123456', '330327148');
INSERT INTO `user` VALUES (155, 'name149', '123456', '330327149');
INSERT INTO `user` VALUES (156, 'name150', '123456', '330327150');
INSERT INTO `user` VALUES (157, 'name151', '123456', '330327151');
INSERT INTO `user` VALUES (158, 'name152', '123456', '330327152');
INSERT INTO `user` VALUES (159, 'name153', '123456', '330327153');
INSERT INTO `user` VALUES (160, 'name154', '123456', '330327154');
INSERT INTO `user` VALUES (161, 'name155', '123456', '330327155');
INSERT INTO `user` VALUES (162, 'name156', '123456', '330327156');
INSERT INTO `user` VALUES (163, 'name157', '123456', '330327157');
INSERT INTO `user` VALUES (164, 'name158', '123456', '330327158');
INSERT INTO `user` VALUES (165, 'name159', '123456', '330327159');
INSERT INTO `user` VALUES (166, 'name160', '123456', '330327160');
INSERT INTO `user` VALUES (167, 'name161', '123456', '330327161');
INSERT INTO `user` VALUES (168, 'name162', '123456', '330327162');
INSERT INTO `user` VALUES (169, 'name163', '123456', '330327163');
INSERT INTO `user` VALUES (170, 'name164', '123456', '330327164');
INSERT INTO `user` VALUES (171, 'name165', '123456', '330327165');
INSERT INTO `user` VALUES (172, 'name166', '123456', '330327166');
INSERT INTO `user` VALUES (173, 'name167', '123456', '330327167');
INSERT INTO `user` VALUES (174, 'name168', '123456', '330327168');
INSERT INTO `user` VALUES (175, 'name169', '123456', '330327169');
INSERT INTO `user` VALUES (176, 'name170', '123456', '330327170');
INSERT INTO `user` VALUES (177, 'name171', '123456', '330327171');
INSERT INTO `user` VALUES (178, 'name172', '123456', '330327172');
INSERT INTO `user` VALUES (179, 'name173', '123456', '330327173');
INSERT INTO `user` VALUES (180, 'name174', '123456', '330327174');
INSERT INTO `user` VALUES (181, 'name175', '123456', '330327175');
INSERT INTO `user` VALUES (182, 'name176', '123456', '330327176');
INSERT INTO `user` VALUES (183, 'name177', '123456', '330327177');
INSERT INTO `user` VALUES (184, 'name178', '123456', '330327178');
INSERT INTO `user` VALUES (185, 'name179', '123456', '330327179');
INSERT INTO `user` VALUES (186, 'name180', '123456', '330327180');
INSERT INTO `user` VALUES (187, 'name181', '123456', '330327181');
INSERT INTO `user` VALUES (188, 'name182', '123456', '330327182');
INSERT INTO `user` VALUES (189, 'name183', '123456', '330327183');
INSERT INTO `user` VALUES (190, 'name184', '123456', '330327184');
INSERT INTO `user` VALUES (191, 'name185', '123456', '330327185');
INSERT INTO `user` VALUES (192, 'name186', '123456', '330327186');
INSERT INTO `user` VALUES (193, 'name187', '123456', '330327187');
INSERT INTO `user` VALUES (194, 'name188', '123456', '330327188');
INSERT INTO `user` VALUES (195, 'name189', '123456', '330327189');
INSERT INTO `user` VALUES (196, 'name190', '123456', '330327190');
INSERT INTO `user` VALUES (197, 'name191', '123456', '330327191');
INSERT INTO `user` VALUES (198, 'name192', '123456', '330327192');
INSERT INTO `user` VALUES (199, 'name193', '123456', '330327193');
INSERT INTO `user` VALUES (200, 'name194', '123456', '330327194');
INSERT INTO `user` VALUES (201, 'name195', '123456', '330327195');
INSERT INTO `user` VALUES (202, 'name196', '123456', '330327196');
INSERT INTO `user` VALUES (203, 'name197', '123456', '330327197');
INSERT INTO `user` VALUES (204, 'name198', '123456', '330327198');
INSERT INTO `user` VALUES (205, 'name199', '123456', '330327199');
INSERT INTO `user` VALUES (206, 'guess', '123456', '36985');
INSERT INTO `user` VALUES (207, 'user0', '123456', '3303270');
INSERT INTO `user` VALUES (208, 'user1', '123456', '3303271');
INSERT INTO `user` VALUES (209, 'user2', '123456', '3303272');
INSERT INTO `user` VALUES (210, 'user3', '123456', '3303273');
INSERT INTO `user` VALUES (211, 'user4', '123456', '3303274');
INSERT INTO `user` VALUES (212, 'user5', '123456', '3303275');
INSERT INTO `user` VALUES (213, 'user6', '123456', '3303276');
INSERT INTO `user` VALUES (214, 'user7', '123456', '3303277');
INSERT INTO `user` VALUES (215, 'user8', '123456', '3303278');
INSERT INTO `user` VALUES (216, 'user9', '123456', '3303279');
INSERT INTO `user` VALUES (217, 'user10', '123456', '33032710');
INSERT INTO `user` VALUES (218, 'user11', '123456', '33032711');
INSERT INTO `user` VALUES (219, 'user12', '123456', '33032712');
INSERT INTO `user` VALUES (220, 'user13', '123456', '33032713');
INSERT INTO `user` VALUES (221, 'user14', '123456', '33032714');
INSERT INTO `user` VALUES (222, 'user15', '123456', '33032715');
INSERT INTO `user` VALUES (223, 'user16', '123456', '33032716');
INSERT INTO `user` VALUES (224, 'user17', '123456', '33032717');
INSERT INTO `user` VALUES (225, 'user18', '123456', '33032718');
INSERT INTO `user` VALUES (226, 'user19', '123456', '33032719');
INSERT INTO `user` VALUES (227, 'user20', '123456', '33032720');
INSERT INTO `user` VALUES (228, 'user21', '123456', '33032721');
INSERT INTO `user` VALUES (229, 'user22', '123456', '33032722');
INSERT INTO `user` VALUES (230, 'user23', '123456', '33032723');
INSERT INTO `user` VALUES (231, 'user24', '123456', '33032724');
INSERT INTO `user` VALUES (232, 'user25', '123456', '33032725');
INSERT INTO `user` VALUES (233, 'user26', '123456', '33032726');
INSERT INTO `user` VALUES (234, 'user27', '123456', '33032727');
INSERT INTO `user` VALUES (235, 'user28', '123456', '33032728');
INSERT INTO `user` VALUES (236, 'user29', '123456', '33032729');
INSERT INTO `user` VALUES (237, 'user30', '123456', '33032730');
INSERT INTO `user` VALUES (238, 'user31', '123456', '33032731');
INSERT INTO `user` VALUES (239, 'user32', '123456', '33032732');
INSERT INTO `user` VALUES (240, 'user33', '123456', '33032733');
INSERT INTO `user` VALUES (241, 'user34', '123456', '33032734');
INSERT INTO `user` VALUES (242, 'user35', '123456', '33032735');
INSERT INTO `user` VALUES (243, 'user36', '123456', '33032736');
INSERT INTO `user` VALUES (244, 'user37', '123456', '33032737');
INSERT INTO `user` VALUES (245, 'user38', '123456', '33032738');
INSERT INTO `user` VALUES (246, 'user39', '123456', '33032739');
INSERT INTO `user` VALUES (247, 'user40', '123456', '33032740');
INSERT INTO `user` VALUES (248, 'user41', '123456', '33032741');
INSERT INTO `user` VALUES (249, 'user42', '123456', '33032742');
INSERT INTO `user` VALUES (250, 'user43', '123456', '33032743');
INSERT INTO `user` VALUES (251, 'user44', '123456', '33032744');
INSERT INTO `user` VALUES (252, 'user45', '123456', '33032745');
INSERT INTO `user` VALUES (253, 'user46', '123456', '33032746');
INSERT INTO `user` VALUES (254, 'user47', '123456', '33032747');
INSERT INTO `user` VALUES (255, 'user48', '123456', '33032748');
INSERT INTO `user` VALUES (256, 'user49', '123456', '33032749');
INSERT INTO `user` VALUES (257, 'user50', '123456', '33032750');
INSERT INTO `user` VALUES (258, 'user51', '123456', '33032751');
INSERT INTO `user` VALUES (259, 'user52', '123456', '33032752');
INSERT INTO `user` VALUES (260, 'user53', '123456', '33032753');
INSERT INTO `user` VALUES (261, 'user54', '123456', '33032754');
INSERT INTO `user` VALUES (262, 'user55', '123456', '33032755');
INSERT INTO `user` VALUES (263, 'user56', '123456', '33032756');
INSERT INTO `user` VALUES (264, 'user57', '123456', '33032757');
INSERT INTO `user` VALUES (265, 'user58', '123456', '33032758');
INSERT INTO `user` VALUES (266, 'user59', '123456', '33032759');
INSERT INTO `user` VALUES (267, 'user60', '123456', '33032760');
INSERT INTO `user` VALUES (268, 'user61', '123456', '33032761');
INSERT INTO `user` VALUES (269, 'user62', '123456', '33032762');
INSERT INTO `user` VALUES (270, 'user63', '123456', '33032763');
INSERT INTO `user` VALUES (271, 'user64', '123456', '33032764');
INSERT INTO `user` VALUES (272, 'user65', '123456', '33032765');
INSERT INTO `user` VALUES (273, 'user66', '123456', '33032766');
INSERT INTO `user` VALUES (274, 'user67', '123456', '33032767');
INSERT INTO `user` VALUES (275, 'user68', '123456', '33032768');
INSERT INTO `user` VALUES (276, 'user69', '123456', '33032769');
INSERT INTO `user` VALUES (277, 'user70', '123456', '33032770');
INSERT INTO `user` VALUES (278, 'user71', '123456', '33032771');
INSERT INTO `user` VALUES (279, 'user72', '123456', '33032772');
INSERT INTO `user` VALUES (280, 'user73', '123456', '33032773');
INSERT INTO `user` VALUES (281, 'user74', '123456', '33032774');
INSERT INTO `user` VALUES (282, 'user75', '123456', '33032775');
INSERT INTO `user` VALUES (283, 'user76', '123456', '33032776');
INSERT INTO `user` VALUES (284, 'user77', '123456', '33032777');
INSERT INTO `user` VALUES (285, 'user78', '123456', '33032778');
INSERT INTO `user` VALUES (286, 'user79', '123456', '33032779');
INSERT INTO `user` VALUES (287, 'user80', '123456', '33032780');
INSERT INTO `user` VALUES (288, 'user81', '123456', '33032781');
INSERT INTO `user` VALUES (289, 'user82', '123456', '33032782');
INSERT INTO `user` VALUES (290, 'user83', '123456', '33032783');
INSERT INTO `user` VALUES (291, 'user84', '123456', '33032784');
INSERT INTO `user` VALUES (292, 'user85', '123456', '33032785');
INSERT INTO `user` VALUES (293, 'user86', '123456', '33032786');
INSERT INTO `user` VALUES (294, 'user87', '123456', '33032787');
INSERT INTO `user` VALUES (295, 'user88', '123456', '33032788');
INSERT INTO `user` VALUES (296, 'user89', '123456', '33032789');
INSERT INTO `user` VALUES (297, 'user90', '123456', '33032790');
INSERT INTO `user` VALUES (298, 'user91', '123456', '33032791');
INSERT INTO `user` VALUES (299, 'user92', '123456', '33032792');
INSERT INTO `user` VALUES (300, 'user93', '123456', '33032793');
INSERT INTO `user` VALUES (301, 'user94', '123456', '33032794');
INSERT INTO `user` VALUES (302, 'user95', '123456', '33032795');
INSERT INTO `user` VALUES (303, 'user96', '123456', '33032796');
INSERT INTO `user` VALUES (304, 'user97', '123456', '33032797');
INSERT INTO `user` VALUES (305, 'user98', '123456', '33032798');
INSERT INTO `user` VALUES (306, 'user99', '123456', '33032799');
INSERT INTO `user` VALUES (307, 'user100', '123456', '330327100');
INSERT INTO `user` VALUES (308, 'user101', '123456', '330327101');
INSERT INTO `user` VALUES (309, 'user102', '123456', '330327102');
INSERT INTO `user` VALUES (310, 'user103', '123456', '330327103');
INSERT INTO `user` VALUES (311, 'user104', '123456', '330327104');
INSERT INTO `user` VALUES (312, 'user105', '123456', '330327105');
INSERT INTO `user` VALUES (313, 'user106', '123456', '330327106');
INSERT INTO `user` VALUES (314, 'user107', '123456', '330327107');
INSERT INTO `user` VALUES (315, 'user108', '123456', '330327108');
INSERT INTO `user` VALUES (316, 'user109', '123456', '330327109');
INSERT INTO `user` VALUES (317, 'user110', '123456', '330327110');
INSERT INTO `user` VALUES (318, 'user111', '123456', '330327111');
INSERT INTO `user` VALUES (319, 'user112', '123456', '330327112');
INSERT INTO `user` VALUES (320, 'user113', '123456', '330327113');
INSERT INTO `user` VALUES (321, 'user114', '123456', '330327114');
INSERT INTO `user` VALUES (322, 'user115', '123456', '330327115');
INSERT INTO `user` VALUES (323, 'user116', '123456', '330327116');
INSERT INTO `user` VALUES (324, 'user117', '123456', '330327117');
INSERT INTO `user` VALUES (325, 'user118', '123456', '330327118');
INSERT INTO `user` VALUES (326, 'user119', '123456', '330327119');
INSERT INTO `user` VALUES (327, 'user120', '123456', '330327120');
INSERT INTO `user` VALUES (328, 'user121', '123456', '330327121');
INSERT INTO `user` VALUES (329, 'user122', '123456', '330327122');
INSERT INTO `user` VALUES (330, 'user123', '123456', '330327123');
INSERT INTO `user` VALUES (331, 'user124', '123456', '330327124');
INSERT INTO `user` VALUES (332, 'user125', '123456', '330327125');
INSERT INTO `user` VALUES (333, 'user126', '123456', '330327126');
INSERT INTO `user` VALUES (334, 'user127', '123456', '330327127');
INSERT INTO `user` VALUES (335, 'user128', '123456', '330327128');
INSERT INTO `user` VALUES (336, 'user129', '123456', '330327129');
INSERT INTO `user` VALUES (337, 'user130', '123456', '330327130');
INSERT INTO `user` VALUES (338, 'user131', '123456', '330327131');
INSERT INTO `user` VALUES (339, 'user132', '123456', '330327132');
INSERT INTO `user` VALUES (340, 'user133', '123456', '330327133');
INSERT INTO `user` VALUES (341, 'user134', '123456', '330327134');
INSERT INTO `user` VALUES (342, 'user135', '123456', '330327135');
INSERT INTO `user` VALUES (343, 'user136', '123456', '330327136');
INSERT INTO `user` VALUES (344, 'user137', '123456', '330327137');
INSERT INTO `user` VALUES (345, 'user138', '123456', '330327138');
INSERT INTO `user` VALUES (346, 'user139', '123456', '330327139');
INSERT INTO `user` VALUES (347, 'user140', '123456', '330327140');
INSERT INTO `user` VALUES (348, 'user141', '123456', '330327141');
INSERT INTO `user` VALUES (349, 'user142', '123456', '330327142');
INSERT INTO `user` VALUES (350, 'user143', '123456', '330327143');
INSERT INTO `user` VALUES (351, 'user144', '123456', '330327144');
INSERT INTO `user` VALUES (352, 'user145', '123456', '330327145');
INSERT INTO `user` VALUES (353, 'user146', '123456', '330327146');
INSERT INTO `user` VALUES (354, 'user147', '123456', '330327147');
INSERT INTO `user` VALUES (355, 'user148', '123456', '330327148');
INSERT INTO `user` VALUES (356, 'user149', '123456', '330327149');
INSERT INTO `user` VALUES (357, 'user150', '123456', '330327150');
INSERT INTO `user` VALUES (358, 'user151', '123456', '330327151');
INSERT INTO `user` VALUES (359, 'user152', '123456', '330327152');
INSERT INTO `user` VALUES (360, 'user153', '123456', '330327153');
INSERT INTO `user` VALUES (361, 'user154', '123456', '330327154');
INSERT INTO `user` VALUES (362, 'user155', '123456', '330327155');
INSERT INTO `user` VALUES (363, 'user156', '123456', '330327156');
INSERT INTO `user` VALUES (364, 'user157', '123456', '330327157');
INSERT INTO `user` VALUES (365, 'user158', '123456', '330327158');
INSERT INTO `user` VALUES (366, 'user159', '123456', '330327159');
INSERT INTO `user` VALUES (367, 'user160', '123456', '330327160');
INSERT INTO `user` VALUES (368, 'user161', '123456', '330327161');
INSERT INTO `user` VALUES (369, 'user162', '123456', '330327162');
INSERT INTO `user` VALUES (370, 'user163', '123456', '330327163');
INSERT INTO `user` VALUES (371, 'user164', '123456', '330327164');
INSERT INTO `user` VALUES (372, 'user165', '123456', '330327165');
INSERT INTO `user` VALUES (373, 'user166', '123456', '330327166');
INSERT INTO `user` VALUES (374, 'user167', '123456', '330327167');
INSERT INTO `user` VALUES (375, 'user168', '123456', '330327168');
INSERT INTO `user` VALUES (376, 'user169', '123456', '330327169');
INSERT INTO `user` VALUES (377, 'user170', '123456', '330327170');
INSERT INTO `user` VALUES (378, 'user171', '123456', '330327171');
INSERT INTO `user` VALUES (379, 'user172', '123456', '330327172');
INSERT INTO `user` VALUES (380, 'user173', '123456', '330327173');
INSERT INTO `user` VALUES (381, 'user174', '123456', '330327174');
INSERT INTO `user` VALUES (382, 'user175', '123456', '330327175');
INSERT INTO `user` VALUES (383, 'user176', '123456', '330327176');
INSERT INTO `user` VALUES (384, 'user177', '123456', '330327177');
INSERT INTO `user` VALUES (385, 'user178', '123456', '330327178');
INSERT INTO `user` VALUES (386, 'user179', '123456', '330327179');
INSERT INTO `user` VALUES (387, 'user180', '123456', '330327180');
INSERT INTO `user` VALUES (388, 'user181', '123456', '330327181');
INSERT INTO `user` VALUES (389, 'user182', '123456', '330327182');
INSERT INTO `user` VALUES (390, 'user183', '123456', '330327183');
INSERT INTO `user` VALUES (391, 'user184', '123456', '330327184');
INSERT INTO `user` VALUES (392, 'user185', '123456', '330327185');
INSERT INTO `user` VALUES (393, 'user186', '123456', '330327186');
INSERT INTO `user` VALUES (394, 'user187', '123456', '330327187');
INSERT INTO `user` VALUES (395, 'user188', '123456', '330327188');
INSERT INTO `user` VALUES (396, 'user189', '123456', '330327189');
INSERT INTO `user` VALUES (397, 'user190', '123456', '330327190');
INSERT INTO `user` VALUES (398, 'user191', '123456', '330327191');
INSERT INTO `user` VALUES (399, 'user192', '123456', '330327192');
INSERT INTO `user` VALUES (400, 'user193', '123456', '330327193');
INSERT INTO `user` VALUES (401, 'user194', '123456', '330327194');
INSERT INTO `user` VALUES (402, 'user195', '123456', '330327195');
INSERT INTO `user` VALUES (403, 'user196', '123456', '330327196');
INSERT INTO `user` VALUES (404, 'user197', '123456', '330327197');
INSERT INTO `user` VALUES (405, 'user198', '123456', '330327198');
INSERT INTO `user` VALUES (406, 'user199', '123456', '330327199');
INSERT INTO `user` VALUES (407, 'zucc', '123456', '3301234');

SET FOREIGN_KEY_CHECKS = 1;
